item	source	kind	today	audit_level	level_P	level_L	default_for_new_drawing	on_duplicate	migration_from_v44	notes
prefix	form-adv	form	SHARED	drawing	drawing	drawing	'' (drawing name seeds the download name)	copied	both: one shared value in v44; copied to both drawings, so the download names collide until the Python output-naming rule (drawing id suffix) applies	mode=both; group=export; prefix names the drawing downloads; a project prefix is not kept (no project field); today SHARED by both modes
species	form-adv	form	MODE-ONLY:circular	drawing	drawing	drawing	''	copied	own-mode: field exists only in drawings of its mode; dropped if that drawing is not created (value was default or unreachable)	mode=circular; group=title/definition line; the organism/strain facts of a record come from the parsed file (project cache); this field is the drawing's typed centre-label override
strain	form-adv	form	MODE-ONLY:circular	drawing	drawing	drawing	''	copied	own-mode: field exists only in drawings of its mode; dropped if that drawing is not created (value was default or unreachable)	mode=circular; group=title/definition line
plot_title	form-adv	form	PER-MODE:profile-swap	drawing	drawing	drawing	''	copied	own-mode: active drawing: flat form/adv value (equals the active profile); other drawing: config.modeProfiles.profiles[other].values, else the mode default	"mode=both; group=title/definition line; also editor row ""Plot title text"""
track_type	form-adv	form	PER-MODE:split-fields	drawing	drawing	drawing	'tuckin'	copied	own-mode: each half of the pair goes to the drawing of its mode; the pair collapses to one field	mode=circular; group=tracks and track layout
linear_track_layout	form-adv	form	PER-MODE:split-fields	drawing	drawing	drawing	'middle'	copied	own-mode: each half of the pair goes to the drawing of its mode; the pair collapses to one field	mode=linear; group=tracks and track layout
show_scale	form-adv	form	SHARED	drawing	drawing	drawing	true	copied	"both: shared value in v44: copied to every created drawing (Owner Q6 ""copy shared values"")"	mode=both; group=axis and scale; today SHARED by both modes
scale_style	form-adv	form	MODE-ONLY:linear	drawing	drawing	drawing	'bar'	copied	own-mode: field exists only in drawings of its mode; dropped if that drawing is not created (value was default or unreachable)	mode=linear; group=axis and scale
linear_ruler_on_axis	form-adv	form	MODE-ONLY:linear	drawing	drawing	drawing	false	copied	own-mode: field exists only in drawings of its mode; dropped if that drawing is not created (value was default or unreachable)	mode=linear; group=axis and scale
labels_mode	form-adv	form	PER-MODE:split-fields	drawing	drawing	drawing	'none'	copied	own-mode: each half of the pair goes to the drawing of its mode; the pair collapses to one field	mode=circular; group=feature labels
show_labels_linear	form-adv	form	PER-MODE:split-fields	drawing	drawing	drawing	'none'	copied	own-mode: each half of the pair goes to the drawing of its mode; the pair collapses to one field	mode=linear; group=feature labels
multi_record_canvas	form-adv	form	MODE-ONLY:circular	drawing	drawing	drawing	true (WEB_UX_PROFILE.circular.gridByDefault)	copied	own-mode: field exists only in drawings of its mode; dropped if that drawing is not created (value was default or unreachable)	mode=circular; group=canvas/size; selects the Circular layoutPreferences branch (single/multi) today
circular_record_selector	form-adv	form	MODE-ONLY:circular	drawing	drawing	drawing	''	copied	own-mode: field exists only in drawings of its mode; dropped if that drawing is not created (value was default or unreachable)	mode=circular; group=record selection
circular_region_start	form-adv	form	MODE-ONLY:circular	drawing	drawing	drawing	null	copied	own-mode: field exists only in drawings of its mode; dropped if that drawing is not created (value was default or unreachable)	mode=circular; group=record selection
circular_region_end	form-adv	form	MODE-ONLY:circular	drawing	drawing	drawing	null	copied	own-mode: field exists only in drawings of its mode; dropped if that drawing is not created (value was default or unreachable)	mode=circular; group=record selection
circular_reverse	form-adv	form	MODE-ONLY:circular	drawing	drawing	drawing	false	copied	own-mode: field exists only in drawings of its mode; dropped if that drawing is not created (value was default or unreachable)	"mode=circular; group=record selection; PD-OI-027 ""record-owned orientation"" = orientation belongs to the record entry of a drawing (record state), not to the shared resource; no conflict with per-drawing storage"
circular_record_label	form-adv	form	MODE-ONLY:circular	drawing	drawing	drawing	''	copied	own-mode: field exists only in drawings of its mode; dropped if that drawing is not created (value was default or unreachable)	mode=circular; group=title/definition line
circular_record_subtitle	form-adv	form	MODE-ONLY:circular	drawing	drawing	drawing	''	copied	own-mode: field exists only in drawings of its mode; dropped if that drawing is not created (value was default or unreachable)	mode=circular; group=title/definition line
separate_strands	form-adv	form	SHARED	drawing	drawing	drawing	true	copied	"both: shared value in v44: copied to every created drawing (Owner Q6 ""copy shared values"")"	mode=both; group=tracks and track layout; today SHARED by both modes
suppress_gc	form-adv	form	PER-MODE:split-fields	drawing	drawing	drawing	false (Circular: GC drawn)	copied	own-mode: each half of the pair goes to the drawing of its mode; the pair collapses to one field	mode=circular; group=GC content, GC skew, Depth
suppress_skew	form-adv	form	PER-MODE:split-fields	drawing	drawing	drawing	false (Circular: skew drawn)	copied	own-mode: each half of the pair goes to the drawing of its mode; the pair collapses to one field	mode=circular; group=GC content, GC skew, Depth
align_center	form-adv	form	MODE-ONLY:linear	drawing	drawing	drawing	false	copied	own-mode: field exists only in drawings of its mode; dropped if that drawing is not created (value was default or unreachable)	mode=linear; group=canvas/size
keep_definition_left_aligned	form-adv	form	MODE-ONLY:linear	drawing	drawing	drawing	true	copied	own-mode: field exists only in drawings of its mode; dropped if that drawing is not created (value was default or unreachable)	mode=linear; group=title/definition line
show_gc	form-adv	form	PER-MODE:split-fields	drawing	drawing	drawing	false (Linear: GC off)	copied	own-mode: each half of the pair goes to the drawing of its mode; the pair collapses to one field	mode=linear; group=GC content, GC skew, Depth
show_skew	form-adv	form	PER-MODE:split-fields	drawing	drawing	drawing	false (Linear: skew off)	copied	own-mode: each half of the pair goes to the drawing of its mode; the pair collapses to one field	mode=linear; group=GC content, GC skew, Depth
show_depth	form-adv	form	SHARED	drawing	drawing	drawing	false	copied	both: copied to both drawings, but on only where that drawing has a Depth source (Owner Q5)	mode=both; group=GC content, GC skew, Depth; today a watcher turns it off on a mode switch (OV-82); with drawings no watcher exists; also cannot be on without a Depth series in the drawing; today SHARED by both modes
normalize_length	form-adv	form	MODE-ONLY:linear	drawing	drawing	drawing	false	copied	own-mode: field exists only in drawings of its mode; dropped if that drawing is not created (value was default or unreachable)	mode=linear; group=canvas/size
legend	form-adv	form (accessor)	PER-MODE:other:layoutPreferences (circular.single / circular.multi / linear)	drawing	drawing	drawing	Circular 'left' / Linear 'bottom' (WEB_UX_PROFILE)	copied	own-mode: ui.layoutPreferences circular.single/circular.multi -> Circular drawing, linear -> Linear drawing	mode=both; group=Legend layout; accessor over layoutPreferences; Circular single vs multi-record layout keeps two values today (single/multi); drawing choice: two fields or one with a grouping default (UX)
rich_feature_popup	form-adv	adv	SHARED	ui	ui	ui	true	copied	ui: viewer preference; not in the diagram; read into the project ui block / app preference	mode=both; group=UI behaviour; [ui:app] live-only popup preference; today SHARED by both modes
features	form-adv	adv	SHARED	drawing	drawing	drawing	CDS,rRNA,tRNA,tmRNA,ncRNA,misc_RNA,repeat_region	copied	"both: shared value in v44: copied to every created drawing (Owner Q6 ""copy shared values"")"	mode=both; group=features and strokes; a zoomed cluster may draw more types than the whole genome; Duplicate copies the list, no live link; today SHARED by both modes
feature_shapes	form-adv	adv	SHARED	drawing	drawing	drawing	createDefaultFeatureRenderings()	copied	"both: shared value in v44: copied to every created drawing (Owner Q6 ""copy shared values"")"	mode=both; group=features and strokes; today SHARED by both modes
arrow_head_length_ratio	form-adv	adv	SHARED	drawing	drawing	drawing	null (Auto)	copied	"both: shared value in v44: copied to every created drawing (Owner Q6 ""copy shared values"")"	mode=both; group=features and strokes; today SHARED by both modes
arrow_shaft_width_ratio	form-adv	adv	SHARED	drawing	drawing	drawing	DEFAULT_ARROW_SHAFT_WIDTH_RATIO	copied	"both: shared value in v44: copied to every created drawing (Owner Q6 ""copy shared values"")"	mode=both; group=features and strokes; today SHARED by both modes
window_size	form-adv	adv	SHARED	drawing	drawing	drawing	null (Auto, resolved per drawing from its records after the region crop)	copied; reset to Auto (null) only when the new drawing changes region/extent (Zoom to region), not on a plain Duplicate	"both: shared value in v44: copied to every created drawing (Owner Q6 ""copy shared values"")"	mode=both; group=GC content, GC skew, Depth; today SHARED by both modes; scale-dependent: stored as Auto, never as the resolved number (form-adv.md section 7)
step_size	form-adv	adv	SHARED	drawing	drawing	drawing	null (Auto, resolved per drawing from its records after the region crop)	copied; reset to Auto (null) only when the new drawing changes region/extent (Zoom to region), not on a plain Duplicate	"both: shared value in v44: copied to every created drawing (Owner Q6 ""copy shared values"")"	mode=both; group=GC content, GC skew, Depth; today SHARED by both modes; scale-dependent: stored as Auto, never as the resolved number (form-adv.md section 7)
nt	form-adv	adv	SHARED	drawing	drawing	drawing	'GC'	copied	"both: shared value in v44: copied to every created drawing (Owner Q6 ""copy shared values"")"	mode=both; group=GC content, GC skew, Depth; today SHARED by both modes
def_font_size	form-adv	adv	PER-MODE:profile-swap	drawing	drawing	drawing	null (Auto: Circular 18, Linear 24/10)	copied	own-mode: active drawing: flat form/adv value (equals the active profile); other drawing: config.modeProfiles.profiles[other].values, else the mode default	"mode=both; group=fonts and typography; also editor row ""Plot title and definition font sizes"""
circular_definition_interval	form-adv	adv	MODE-ONLY:circular	drawing	drawing	drawing	null (Auto)	copied	own-mode: field exists only in drawings of its mode; dropped if that drawing is not created (value was default or unreachable)	mode=circular; group=title/definition line
label_font_size	form-adv	adv	SHARED	drawing	drawing	drawing	null (Auto by record length: Circular 14/8, Linear 24/5; config.toml:236-241)	copied	"both: shared value in v44: copied to every created drawing (Owner Q6 ""copy shared values"")"	mode=both; group=fonts and typography; today SHARED by both modes
circular_label_spacing	form-adv	adv	PER-MODE:split-fields	drawing	drawing	drawing	null (Auto)	copied	own-mode: each half of the pair goes to the drawing of its mode; the pair collapses to one field	mode=circular; group=feature labels
linear_label_spacing	form-adv	adv	PER-MODE:split-fields	drawing	drawing	drawing	null (Auto)	copied	own-mode: each half of the pair goes to the drawing of its mode; the pair collapses to one field	mode=linear; group=feature labels
label_rendering	form-adv	adv	SHARED	drawing	drawing	drawing	'auto'	copied	"both: shared value in v44: copied to every created drawing (Owner Q6 ""copy shared values"")"	mode=both; group=feature labels; today the other mode rewrites it on Generate and applyConfigData forces auto for Linear above_feature even in Circular (services/config.js:2045); one owner per drawing ends both couplings; today SHARED by both modes
circular_label_placement	form-adv	adv	PER-MODE:split-fields	drawing	drawing	drawing	'horizontal'	copied	own-mode: each half of the pair goes to the drawing of its mode; the pair collapses to one field	mode=circular; group=feature labels
label_placement	form-adv	adv	PER-MODE:split-fields	drawing	drawing	drawing	'auto'	copied	own-mode: each half of the pair goes to the drawing of its mode; the pair collapses to one field	mode=linear; group=feature labels; Linear-only; the apply-time rule forcing label_rendering=auto is a within-drawing rule only
label_rotation	form-adv	adv	MODE-ONLY:linear	drawing	drawing	drawing	null (Auto)	copied	own-mode: field exists only in drawings of its mode; dropped if that drawing is not created (value was default or unreachable)	mode=linear; group=feature labels
block_stroke_width	form-adv	adv	SHARED	drawing	drawing	drawing	null (Auto)	copied	"both: shared value in v44: copied to every created drawing (Owner Q6 ""copy shared values"")"	mode=both; group=features and strokes; today SHARED by both modes
block_stroke_color	form-adv	adv	SHARED	drawing	drawing	drawing	null (Auto)	copied	"both: shared value in v44: copied to every created drawing (Owner Q6 ""copy shared values"")"	mode=both; group=palette/colors; colour family: L could extend the style library to these three colours (block/line stroke, depth_color); kept per drawing in both because they are settings, not palette; today SHARED by both modes
line_stroke_width	form-adv	adv	SHARED	drawing	drawing	drawing	null (Auto)	copied	"both: shared value in v44: copied to every created drawing (Owner Q6 ""copy shared values"")"	mode=both; group=features and strokes; today SHARED by both modes
line_stroke_color	form-adv	adv	SHARED	drawing	drawing	drawing	null (Auto)	copied	"both: shared value in v44: copied to every created drawing (Owner Q6 ""copy shared values"")"	mode=both; group=palette/colors; see block_stroke_color; today SHARED by both modes
axis_stroke_width	form-adv	adv	SHARED	drawing	drawing	drawing	null (Auto: Circular 3/1, Linear 5/2; config.toml:160-169)	copied	"both: shared value in v44: copied to every created drawing (Owner Q6 ""copy shared values"")"	mode=both; group=axis and scale; today SHARED by both modes
axis_stroke_color	form-adv	adv	PER-MODE:profile-swap	drawing	drawing	drawing	Circular null (config gray) / Linear 'lightgray'	copied	own-mode: active drawing: flat form/adv value (equals the active profile); other drawing: config.modeProfiles.profiles[other].values, else the mode default	mode=both; group=axis and scale; Linear default comes from the mode (lightgray); managed-default flag retired
legend_box_size	form-adv	adv	SHARED	drawing	drawing	drawing	null (Auto)	copied	"both: shared value in v44: copied to every created drawing (Owner Q6 ""copy shared values"")"	mode=both; group=Legend layout; today SHARED by both modes
legend_font_size	form-adv	adv	SHARED	drawing	drawing	drawing	null (Auto)	copied	"both: shared value in v44: copied to every created drawing (Owner Q6 ""copy shared values"")"	mode=both; group=fonts and typography; today SHARED by both modes
resolve_overlaps	form-adv	adv	SHARED	drawing	drawing	drawing	false	copied	"both: shared value in v44: copied to every created drawing (Owner Q6 ""copy shared values"")"	mode=both; group=tracks and track layout; today SHARED by both modes
feature_overlap_tolerance_bp	form-adv	adv	SHARED	drawing	drawing	drawing	0	copied	"both: shared value in v44: copied to every created drawing (Owner Q6 ""copy shared values"")"	mode=both; group=tracks and track layout; today SHARED by both modes
feature_height	form-adv	adv	PER-MODE:split-fields	drawing	drawing	drawing	null (Auto)	copied	own-mode: each half of the pair goes to the drawing of its mode; the pair collapses to one field	mode=linear; group=tracks and track layout
track_axis_gap	form-adv	adv	MODE-ONLY:linear	drawing	drawing	drawing	null (Auto)	copied	own-mode: field exists only in drawings of its mode; dropped if that drawing is not created (value was default or unreachable)	mode=linear; group=tracks and track layout
linear_show_replicon	form-adv	adv	MODE-ONLY:linear	drawing	drawing	drawing	false	copied	own-mode: field exists only in drawings of its mode; dropped if that drawing is not created (value was default or unreachable)	mode=linear; group=title/definition line
linear_accession_visibility	form-adv	adv	MODE-ONLY:linear	drawing	drawing	drawing	'auto'	copied	own-mode: field exists only in drawings of its mode; dropped if that drawing is not created (value was default or unreachable)	mode=linear; group=title/definition line
linear_length_visibility	form-adv	adv	MODE-ONLY:linear	drawing	drawing	drawing	'auto'	copied	own-mode: field exists only in drawings of its mode; dropped if that drawing is not created (value was default or unreachable)	mode=linear; group=title/definition line
linear_definition_line_styles	form-adv	adv	MODE-ONLY:linear	drawing	drawing	drawing	createDefaultLinearDefinitionLineStyles()	copied	own-mode: field exists only in drawings of its mode; dropped if that drawing is not created (value was default or unreachable)	"mode=linear; group=title/definition line; also editor row ""Linear definition-line styles""; Generate normalizes the draft"
gc_height	form-adv	adv	PER-MODE:split-fields	drawing	drawing	drawing	null (Auto)	copied	own-mode: each half of the pair goes to the drawing of its mode; the pair collapses to one field	mode=linear; group=GC content, GC skew, Depth
depth_height	form-adv	adv	PER-MODE:split-fields	drawing	drawing	drawing	null (Auto)	copied	own-mode: each half of the pair goes to the drawing of its mode; the pair collapses to one field	mode=linear; group=GC content, GC skew, Depth
depth_color	form-adv	adv	SHARED	drawing	drawing	drawing	'#4A90E2'	copied	"both: shared value in v44: copied to every created drawing (Owner Q6 ""copy shared values"")"	mode=both; group=GC content, GC skew, Depth; fallback colour of series 1; the UI edits depthSeries[].color; candidate to merge into the series list; today SHARED by both modes
depth_tracks	form-adv	adv	SHARED	drawing (TSV) / split in section 7: label+identity project, colour/height/ticks drawing	drawing	drawing	[] ; replaced by depthSeries[] (see inputs row)	copied	both: zip entry i with that mode's source column i; an entry with no source in a mode does not enter that drawing; an entry with no source in either mode is dropped with a notice	"mode=both; group=GC content, GC skew, Depth; also covers editor row ""Legend title (Depth series)"" (adv.depth_tracks[].label); replaced by the per-drawing depthSeries[] list with sources inside (inputs row); ends audit bug 5a (Depth series with no source); today SHARED by both modes"
depth_window_size	form-adv	adv	SHARED	drawing	drawing	drawing	null (Auto, resolved per drawing from its records after the region crop)	copied; reset to Auto (null) only when the new drawing changes region/extent (Zoom to region), not on a plain Duplicate	"both: shared value in v44: copied to every created drawing (Owner Q6 ""copy shared values"")"	mode=both; group=GC content, GC skew, Depth; today SHARED by both modes; scale-dependent: stored as Auto, never as the resolved number (form-adv.md section 7)
depth_step_size	form-adv	adv	SHARED	drawing	drawing	drawing	null (Auto, resolved per drawing from its records after the region crop)	copied; reset to Auto (null) only when the new drawing changes region/extent (Zoom to region), not on a plain Duplicate	"both: shared value in v44: copied to every created drawing (Owner Q6 ""copy shared values"")"	mode=both; group=GC content, GC skew, Depth; today SHARED by both modes; scale-dependent: stored as Auto, never as the resolved number (form-adv.md section 7)
depth_share_axis	form-adv	adv	SHARED	drawing	drawing	drawing	false	copied	"both: shared value in v44: copied to every created drawing (Owner Q6 ""copy shared values"")"	mode=both; group=GC content, GC skew, Depth; today SHARED by both modes
depth_min	form-adv	adv	SHARED	drawing	drawing	drawing	null (Auto, resolved per drawing from its records after the region crop)	copied; reset to Auto (null) only when the new drawing changes region/extent (Zoom to region), not on a plain Duplicate	"both: shared value in v44: copied to every created drawing (Owner Q6 ""copy shared values"")"	mode=both; group=GC content, GC skew, Depth; today SHARED by both modes; scale-dependent: stored as Auto, never as the resolved number (form-adv.md section 7)
depth_max	form-adv	adv	SHARED	drawing	drawing	drawing	null (Auto, resolved per drawing from its records after the region crop)	copied; reset to Auto (null) only when the new drawing changes region/extent (Zoom to region), not on a plain Duplicate	"both: shared value in v44: copied to every created drawing (Owner Q6 ""copy shared values"")"	mode=both; group=GC content, GC skew, Depth; today SHARED by both modes; scale-dependent: stored as Auto, never as the resolved number (form-adv.md section 7)
depth_normalize	form-adv	adv	SHARED	drawing	drawing	drawing	false	copied	"both: shared value in v44: copied to every created drawing (Owner Q6 ""copy shared values"")"	mode=both; group=GC content, GC skew, Depth; today SHARED by both modes
depth_show_axis	form-adv	adv	SHARED	drawing	drawing	drawing	true	copied	"both: shared value in v44: copied to every created drawing (Owner Q6 ""copy shared values"")"	mode=both; group=GC content, GC skew, Depth; today SHARED by both modes
depth_show_ticks	form-adv	adv	SHARED	drawing	drawing	drawing	true	copied	"both: shared value in v44: copied to every created drawing (Owner Q6 ""copy shared values"")"	mode=both; group=GC content, GC skew, Depth; today SHARED by both modes
depth_large_tick_interval	form-adv	adv	SHARED	drawing	retired	retired	null (Auto)	copied	dropped: folded into series #1 of each drawing as its fallback (services/config.js:918-924), then not kept	mode=both; group=GC content, GC skew, Depth; today SHARED by both modes
depth_small_tick_interval	form-adv	adv	SHARED	drawing	retired	retired	null (Auto)	copied	dropped: folded into series #1 of each drawing as its fallback, then not kept	mode=both; group=GC content, GC skew, Depth; today SHARED by both modes
depth_tick_font_size	form-adv	adv	SHARED	drawing	retired	retired	null (Auto)	copied	dropped: folded into series #1 of each drawing as its fallback, then not kept	mode=both; group=GC content, GC skew, Depth; today SHARED by both modes
linear_track_slots_enabled	form-adv	adv	PER-MODE:split-collection	drawing	drawing	drawing	false	copied	own-mode: the stack of a mode goes to the drawing of that mode	mode=linear; group=tracks and track layout
linear_track_slots_schema_version	form-adv	adv	PER-MODE:split-collection	drawing	drawing	drawing	current schema constant	copied	own-mode: the stack of a mode goes to the drawing of that mode	mode=linear; group=tracks and track layout; format marker of the drawing's stack; with a Python-owned drawing schema it can become the drawing schema version (candidate to retire as a Web field)
linear_track_slots_axis_index	form-adv	adv	PER-MODE:split-collection	drawing	drawing	drawing	null (Auto)	copied	own-mode: the stack of a mode goes to the drawing of that mode	mode=linear; group=tracks and track layout
linear_track_slots	form-adv	adv	PER-MODE:split-collection	drawing	drawing	drawing	createDefaultLinearTrackSlots()	copied	own-mode: the stack of a mode goes to the drawing of that mode	"mode=linear; group=tracks and track layout; also editor row ""Track slot stacks""; see circular_track_slots"
gc_content_mode	form-adv	adv	SHARED	drawing	drawing	drawing	'deviation'	copied	"both: shared value in v44: copied to every created drawing (Owner Q6 ""copy shared values"")"	mode=both; group=GC content, GC skew, Depth; today SHARED by both modes
gc_content_min_percent	form-adv	adv	SHARED	drawing	drawing	drawing	0	copied	"both: shared value in v44: copied to every created drawing (Owner Q6 ""copy shared values"")"	mode=both; group=GC content, GC skew, Depth; today SHARED by both modes
gc_content_max_percent	form-adv	adv	SHARED	drawing	drawing	drawing	100	copied	"both: shared value in v44: copied to every created drawing (Owner Q6 ""copy shared values"")"	mode=both; group=GC content, GC skew, Depth; today SHARED by both modes
gc_content_show_axis	form-adv	adv	SHARED	drawing	drawing	drawing	true	copied	"both: shared value in v44: copied to every created drawing (Owner Q6 ""copy shared values"")"	mode=both; group=GC content, GC skew, Depth; today SHARED by both modes
gc_content_show_ticks	form-adv	adv	SHARED	drawing	drawing	drawing	true	copied	"both: shared value in v44: copied to every created drawing (Owner Q6 ""copy shared values"")"	mode=both; group=GC content, GC skew, Depth; today SHARED by both modes
gc_content_tick_interval	form-adv	adv	SHARED	drawing	drawing	drawing	20	copied	"both: shared value in v44: copied to every created drawing (Owner Q6 ""copy shared values"")"	mode=both; group=GC content, GC skew, Depth; today SHARED by both modes
gc_content_small_tick_interval	form-adv	adv	SHARED	drawing	drawing	drawing	null (Auto)	copied	"both: shared value in v44: copied to every created drawing (Owner Q6 ""copy shared values"")"	mode=both; group=GC content, GC skew, Depth; today SHARED by both modes
gc_content_tick_font_size	form-adv	adv	SHARED	drawing	drawing	drawing	null (Auto)	copied	"both: shared value in v44: copied to every created drawing (Owner Q6 ""copy shared values"")"	mode=both; group=fonts and typography; today SHARED by both modes
comparison_height	form-adv	adv	MODE-ONLY:linear	drawing	drawing	drawing	null (Auto)	copied	own-mode: field exists only in drawings of its mode; dropped if that drawing is not created (value was default or unreachable)	mode=linear; group=comparisons/BLAST/LOSAT
pairwise_match_style	form-adv	adv	PER-MODE:profile-swap	drawing	drawing	drawing	'curve'	copied	own-mode: Linear drawing only; the Circular snapshot (ribbon) is dead state and is dropped	mode=linear; group=comparisons/BLAST/LOSAT; profile-swapped but read only by Linear (request:1249,2641); Linear-only drawing field; the request fallback ribbon vs Web default curve mismatch goes away when the default comes from the mode
scale_interval	form-adv	adv	SHARED	drawing	drawing	drawing	null (Auto, resolved per drawing from its records after the region crop)	copied; reset to Auto (null) only when the new drawing changes region/extent (Zoom to region), not on a plain Duplicate	"both: shared value in v44: copied to every created drawing (Owner Q6 ""copy shared values"")"	mode=both; group=axis and scale; today SHARED by both modes; scale-dependent: stored as Auto, never as the resolved number (form-adv.md section 7)
scale_font_size	form-adv	adv	PER-MODE:split-fields	drawing	drawing	drawing	null (Auto)	copied	own-mode: each half of the pair goes to the drawing of its mode; the pair collapses to one field	mode=linear; group=fonts and typography
ruler_label_font_size	form-adv	adv	PER-MODE:split-fields	drawing	drawing	drawing	null (Auto)	copied	own-mode: each half of the pair goes to the drawing of its mode; the pair collapses to one field	mode=linear; group=fonts and typography
scale_stroke_width	form-adv	adv	MODE-ONLY:linear	drawing	drawing	drawing	null (Auto)	copied	own-mode: field exists only in drawings of its mode; dropped if that drawing is not created (value was default or unreachable)	mode=linear; group=axis and scale
scale_stroke_color	form-adv	adv	MODE-ONLY:linear	drawing	drawing	drawing	null (Auto)	copied	own-mode: field exists only in drawings of its mode; dropped if that drawing is not created (value was default or unreachable)	mode=linear; group=axis and scale
ruler_label_color	form-adv	adv	MODE-ONLY:linear	drawing	drawing	drawing	null (Auto)	copied	own-mode: field exists only in drawings of its mode; dropped if that drawing is not created (value was default or unreachable)	mode=linear; group=axis and scale
circular_grouping_intent	form-adv	adv	MODE-ONLY:circular	drawing	drawing	drawing	'auto'	copied	own-mode: field exists only in drawings of its mode; dropped if that drawing is not created (value was default or unreachable)	mode=circular; group=record selection; single vs batch output of one Circular drawing; written by circular_record_selector today
multi_record_size_mode	form-adv	adv	MODE-ONLY:circular	drawing	drawing	drawing	'auto'	copied	own-mode: field exists only in drawings of its mode; dropped if that drawing is not created (value was default or unreachable)	mode=circular; group=canvas/size
multi_record_min_radius_ratio	form-adv	adv	MODE-ONLY:circular	drawing	drawing	drawing	0.55	copied	own-mode: field exists only in drawings of its mode; dropped if that drawing is not created (value was default or unreachable)	mode=circular; group=canvas/size
multi_record_column_gap_ratio	form-adv	adv	MODE-ONLY:circular	drawing	drawing	drawing	0.10	copied	own-mode: field exists only in drawings of its mode; dropped if that drawing is not created (value was default or unreachable)	mode=circular; group=canvas/size
multi_record_row_gap_ratio	form-adv	adv	MODE-ONLY:circular	drawing	drawing	drawing	0.05	copied	own-mode: field exists only in drawings of its mode; dropped if that drawing is not created (value was default or unreachable)	mode=circular; group=canvas/size
multi_record_positions	form-adv	adv	MODE-ONLY:circular	drawing	drawing	drawing	[]	copied	own-mode: field exists only in drawings of its mode; dropped if that drawing is not created (value was default or unreachable)	mode=circular; group=canvas/size
tick_label_font_size	form-adv	adv	PER-MODE:split-fields	drawing	drawing	drawing	null (Auto)	copied	own-mode: each half of the pair goes to the drawing of its mode; the pair collapses to one field	mode=circular; group=fonts and typography
plot_title_font_size	form-adv	adv	PER-MODE:profile-swap	drawing	drawing	drawing	null (Auto)	copied	own-mode: active drawing: flat form/adv value (equals the active profile); other drawing: config.modeProfiles.profiles[other].values, else the mode default	"mode=both; group=fonts and typography; also editor row ""Plot title and definition font sizes"""
keep_full_definition_with_plot_title	form-adv	adv	MODE-ONLY:circular	drawing	drawing	drawing	false	copied	own-mode: field exists only in drawings of its mode; dropped if that drawing is not created (value was default or unreachable)	"mode=circular; group=title/definition line; part of editor row ""Circular definition settings"""
center_reserved_radius	form-adv	adv	MODE-ONLY:circular	drawing	drawing	drawing	null (Auto)	copied	own-mode: field exists only in drawings of its mode; dropped if that drawing is not created (value was default or unreachable)	mode=circular; group=canvas/size
feature_width_circular	form-adv	adv	PER-MODE:split-fields	drawing	drawing	drawing	null (Auto)	copied	own-mode: each half of the pair goes to the drawing of its mode; the pair collapses to one field	mode=circular; group=tracks and track layout
depth_width_circular	form-adv	adv	PER-MODE:split-fields	drawing	drawing	drawing	null (Auto)	copied	own-mode: each half of the pair goes to the drawing of its mode; the pair collapses to one field	mode=circular; group=GC content, GC skew, Depth
gc_content_width_circular	form-adv	adv	PER-MODE:split-fields	drawing	drawing	drawing	null (Auto)	copied	own-mode: each half of the pair goes to the drawing of its mode; the pair collapses to one field	mode=circular; group=GC content, GC skew, Depth
gc_content_radius_circular	form-adv	adv	MODE-ONLY:circular	drawing	drawing	drawing	null (Auto)	copied	own-mode: field exists only in drawings of its mode; dropped if that drawing is not created (value was default or unreachable)	mode=circular; group=GC content, GC skew, Depth
gc_skew_width_circular	form-adv	adv	PER-MODE:split-fields	drawing	drawing	drawing	null (Auto)	copied	own-mode: each half of the pair goes to the drawing of its mode; the pair collapses to one field	mode=circular; group=GC content, GC skew, Depth
gc_skew_radius_circular	form-adv	adv	MODE-ONLY:circular	drawing	drawing	drawing	null (Auto)	copied	own-mode: field exists only in drawings of its mode; dropped if that drawing is not created (value was default or unreachable)	mode=circular; group=GC content, GC skew, Depth
circular_track_slots_enabled	form-adv	adv	PER-MODE:split-collection	drawing	drawing	drawing	false	copied	own-mode: the stack of a mode goes to the drawing of that mode	mode=circular; group=tracks and track layout
circular_track_slots_schema_version	form-adv	adv	PER-MODE:split-collection	drawing	drawing	drawing	current schema constant	copied	own-mode: the stack of a mode goes to the drawing of that mode	mode=circular; group=tracks and track layout; see linear_track_slots_schema_version
circular_track_slots_axis_index	form-adv	adv	PER-MODE:split-collection	drawing	drawing	drawing	null (Auto)	copied	own-mode: the stack of a mode goes to the drawing of that mode	mode=circular; group=tracks and track layout
circular_track_slots	form-adv	adv	PER-MODE:split-collection	drawing	drawing	drawing	createDefaultCircularTrackSlots()	copied	own-mode: the stack of a mode goes to the drawing of that mode	"mode=circular; group=tracks and track layout; also editor row ""Track slot stacks""; Depth slot labels are rewritten from depthSeries; annotation slots hold set references (see ""Annotation track slots"")"
outer_label_x_offset	form-adv	adv	MODE-ONLY:circular	drawing	drawing	drawing	null (Auto)	copied	own-mode: field exists only in drawings of its mode; dropped if that drawing is not created (value was default or unreachable)	mode=circular; group=feature labels
outer_label_y_offset	form-adv	adv	MODE-ONLY:circular	drawing	drawing	drawing	null (Auto)	copied	own-mode: field exists only in drawings of its mode; dropped if that drawing is not created (value was default or unreachable)	mode=circular; group=feature labels
inner_label_x_offset	form-adv	adv	MODE-ONLY:circular	drawing	drawing	drawing	null (Auto)	copied	own-mode: field exists only in drawings of its mode; dropped if that drawing is not created (value was default or unreachable)	mode=circular; group=feature labels
inner_label_y_offset	form-adv	adv	MODE-ONLY:circular	drawing	drawing	drawing	null (Auto)	copied	own-mode: field exists only in drawings of its mode; dropped if that drawing is not created (value was default or unreachable)	mode=circular; group=feature labels
plot_title_position	form-adv	adv (accessor)	PER-MODE:other:layoutPreferences (circular.single / circular.multi / linear)	drawing	drawing	drawing	Circular 'none' / Linear 'bottom'	copied	own-mode: ui.layoutPreferences circular.single/circular.multi -> Circular drawing, linear -> Linear drawing	"mode=both; group=title/definition line; accessor over layoutPreferences; option sets differ per mode (circular none/top/bottom, linear center/top/bottom); also covers editor row ""Plot title position"""
min_bitscore	form-adv	adv	PER-MODE:profile-swap	drawing	drawing	drawing	50 (both modes)	copied	own-mode: active drawing: flat form/adv value (equals the active profile); other drawing: config.modeProfiles.profiles[other].values, else the mode default	"mode=both; group=comparisons/BLAST/LOSAT; also editor row ""Comparison thresholds""; raw LOSAT results stay a project cache keyed by search parameters, never by these display filters"
evalue	form-adv	adv	PER-MODE:profile-swap	drawing	drawing	drawing	1e-5 Circular / 1e-2 Linear	copied	own-mode: active drawing: flat form/adv value (equals the active profile); other drawing: config.modeProfiles.profiles[other].values, else the mode default	mode=both; group=comparisons/BLAST/LOSAT; see min_bitscore
identity	form-adv	adv	PER-MODE:profile-swap	drawing	drawing	drawing	70 Circular / 0 Linear	copied	own-mode: active drawing: flat form/adv value (equals the active profile); other drawing: config.modeProfiles.profiles[other].values, else the mode default	mode=both; group=comparisons/BLAST/LOSAT; see min_bitscore
alignment_length	form-adv	adv	PER-MODE:profile-swap	drawing	drawing	drawing	0 (both modes)	copied	own-mode: active drawing: flat form/adv value (equals the active profile); other drawing: config.modeProfiles.profiles[other].values, else the mode default	mode=both; group=comparisons/BLAST/LOSAT; see min_bitscore
losatProgram (adv alias)	form-adv	adv	MODE-ONLY:linear	drawing	retired	retired	n/a (reader alias)	copied	own-mode: folded into the Linear drawing LOSAT program (editor row); alias not kept	mode=linear; group=comparisons/BLAST/LOSAT
MODE_PROFILE_DATA.featureTypes	form-adv	derived	SHARED	drawing	constant	constant	n/a (code constant; seeds the default of a drawing field when the drawing is created)	n/a	dropped: generated from Python mode_profiles.py; not Session state	mode=both; group=mode-profile data; code constant listed at the level of the drawing field it seeds; stays (mode-profiles.generated.js) as the source of per-mode defaults
MODE_PROFILE_DATA.modes.{circular,linear}.comparison.bitscore	form-adv	derived	PER-MODE:profile-swap	drawing	constant	constant	n/a (code constant; seeds the default of a drawing field when the drawing is created)	n/a	dropped: generated from Python mode_profiles.py; not Session state	mode=both; group=mode-profile data; code constant listed at the level of the drawing field it seeds; stays (mode-profiles.generated.js) as the source of per-mode defaults
MODE_PROFILE_DATA.modes.{circular,linear}.comparison.evalue	form-adv	derived	PER-MODE:profile-swap	drawing	constant	constant	n/a (code constant; seeds the default of a drawing field when the drawing is created)	n/a	dropped: generated from Python mode_profiles.py; not Session state	mode=both; group=mode-profile data; code constant listed at the level of the drawing field it seeds; stays (mode-profiles.generated.js) as the source of per-mode defaults
MODE_PROFILE_DATA.modes.{circular,linear}.comparison.identity	form-adv	derived	PER-MODE:profile-swap	drawing	constant	constant	n/a (code constant; seeds the default of a drawing field when the drawing is created)	n/a	dropped: generated from Python mode_profiles.py; not Session state	mode=both; group=mode-profile data; code constant listed at the level of the drawing field it seeds; stays (mode-profiles.generated.js) as the source of per-mode defaults
MODE_PROFILE_DATA.modes.{circular,linear}.comparison.alignmentLength	form-adv	derived	PER-MODE:profile-swap	drawing	constant	constant	n/a (code constant; seeds the default of a drawing field when the drawing is created)	n/a	dropped: generated from Python mode_profiles.py; not Session state	mode=both; group=mode-profile data; code constant listed at the level of the drawing field it seeds; stays (mode-profiles.generated.js) as the source of per-mode defaults
MODE_PROFILE_DATA.modes.{circular,linear}.linearAxisColor	form-adv	derived	PER-MODE:profile-swap	drawing	constant	constant	n/a (code constant; seeds the default of a drawing field when the drawing is created)	n/a	dropped: generated from Python mode_profiles.py; not Session state	mode=both; group=mode-profile data; code constant listed at the level of the drawing field it seeds; stays (mode-profiles.generated.js) as the source of per-mode defaults
MODE_PROFILE_DATA.modes.{circular,linear}.linearRulerAxisColor	form-adv	derived	MODE-ONLY:linear	drawing	constant	constant	n/a (code constant; seeds the default of a drawing field when the drawing is created)	n/a	dropped: generated from Python mode_profiles.py; not Session state	mode=linear; group=mode-profile data; code constant listed at the level of the drawing field it seeds; stays (mode-profiles.generated.js) as the source of per-mode defaults
MODE_PROFILE_DATA.modes.{circular,linear}.tracks.gc	form-adv	derived	PER-MODE:split-fields	drawing	constant	constant	n/a (code constant; seeds the default of a drawing field when the drawing is created)	n/a	dropped: generated from Python mode_profiles.py; not Session state	mode=both; group=mode-profile data; code constant listed at the level of the drawing field it seeds; stays (mode-profiles.generated.js) as the source of per-mode defaults
MODE_PROFILE_DATA.modes.{circular,linear}.tracks.skew	form-adv	derived	PER-MODE:split-fields	drawing	constant	constant	n/a (code constant; seeds the default of a drawing field when the drawing is created)	n/a	dropped: generated from Python mode_profiles.py; not Session state	mode=both; group=mode-profile data; code constant listed at the level of the drawing field it seeds; stays (mode-profiles.generated.js) as the source of per-mode defaults
MODE_PROFILE_DATA.comparisonDomains	form-adv	derived	SHARED	drawing	constant	constant	n/a (code constant; seeds the default of a drawing field when the drawing is created)	n/a	dropped: generated from Python mode_profiles.py; not Session state	mode=both; group=mode-profile data; code constant listed at the level of the drawing field it seeds; stays (mode-profiles.generated.js) as the source of per-mode defaults
MODE_PROFILE_DATA.version	form-adv	derived	SHARED	drawing	constant	constant	n/a (code constant; seeds the default of a drawing field when the drawing is created)	n/a	dropped: generated from Python mode_profiles.py; not Session state	mode=both; group=mode-profile data; code constant listed at the level of the drawing field it seeds; stays (mode-profiles.generated.js) as the source of per-mode defaults
modeProfiles.schema / modeProfiles.activeMode	form-adv	other	PER-MODE:profile-swap	ui	ui	ui	n/a (activeMode becomes the open drawing)	n/a	ui: activeMode -> project ui.activeDrawingId (the drawing of the saved ui.mode)	[ui:session] the schema field is retired with the profile swap
modeProfiles.profiles.{circular,linear}.values	form-adv	other	PER-MODE:profile-swap	drawing	retired	retired	n/a	n/a	own-mode: each profile's values become the fields of that mode's drawing (active: flat values; other: profile values)	"profile swap state disappears (mode is fixed per drawing); also covers editor row ""Mode profile snapshots"""
modeProfiles.profiles.{circular,linear}.managed	form-adv	other	PER-MODE:profile-swap	drawing	retired	retired	n/a	n/a	dropped: the flag has no purpose without a swap; a field with managed=false in the other mode is evidence that mode was used (creates drawing B)	"managed-default flag; retired. OIC-004 ""fresh defaults by mode, explicit imported values win"" is met by creating a drawing from mode defaults and then applying the imported values"
Legend entry list (captions, colors, positions)	editor	editor	SHARED	drawing	drawing	drawing	none (no Legend edits; Owner Q1)	copied with the Result	"active: extracted from the committed Result; the other drawing has no Result and starts with no Legend edits (copying would reintroduce OV-80: a style on a row the other drawing does not draw fails Generate). Q6 ""copy shared values"" is read as settings, not Result-bound Legend edits: confirm"	mode=both; Legend edits are Result-bound; Q2 a Legend edit changes the Result on screen
Legend rename	editor	editor	SHARED	drawing	drawing	drawing	none (no Legend edits; Owner Q1)	copied with the Result	active: Result-bound (see Legend entry list)	mode=both; a feature-type row rename is stored as per-feature hash colour rules (N1): those hash rules stay in the drawing in both principles
Legend added row (Add entry)	editor	editor	SHARED	drawing	drawing	drawing	none (no Legend edits; Owner Q1)	copied with the Result	active: Result-bound	mode=both
Legend deleted rows	editor	editor	SHARED	drawing	drawing	drawing	none (no Legend edits; Owner Q1)	copied with the Result	active: Result-bound	mode=both
Legend order	editor	editor	SHARED	drawing	drawing	drawing	none (no Legend edits; Owner Q1)	copied with the Result	active: Result-bound	mode=both
Legend generated baseline (original order/colors)	editor	derived	SHARED	drawing	drawing	drawing	none (no Legend edits; Owner Q1)	copied with the Result	active: describes the committed Result	mode=both; derived baseline of the drawing Result
Legend fill color override	editor	editor	SHARED	drawing	drawing	drawing	none (no Legend edits; Owner Q1)	copied with the Result	active: Result-bound	mode=both; OV-80 failure class ends: a drawing only holds styles for rows of its own Result
Legend stroke override	editor	editor	SHARED	drawing	drawing	drawing	none (no Legend edits; Owner Q1)	copied with the Result	active: Result-bound	mode=both; as fill override
Generated stroke baseline	editor	derived	SHARED	drawing	drawing	drawing	none (no Legend edits; Owner Q1)	copied with the Result	active: describes the committed Result	mode=both
Rule-drawn Legend captions	editor	derived	SHARED	drawing: derived from each drawing's Result	drawing	drawing	none	recomputed on Generate	active: derived from the committed Result and rules	"mode=both; audit level ""drawing: derived from each drawing's Result"""
Legend title (annotation set)	editor	editor	SHARED	project: part of the annotation set (hard case)	drawing	project	none	P: copied with the set; L: set reference kept	both (P) / project (L): copied with the annotation set	mode=both; part of the annotation set; renaming retires the Legend styles of the old caption (OV-67); L: per-drawing Legend rename = drawing override
Legend drag offset	editor	editor	PER-MODE:other:per-Result SVG delta	drawing	drawing	drawing	none	copied with the Result	active: delta lives in the committed Result SVG	mode=both; decoration continuity identity then needs no mode clause (PD-OI-052): identity is within the drawing
New Legend entry drafts	editor	editor	SHARED	ui	ui	ui	empty	not copied	dropped: draft text only (not saved)	mode=both; [ui:view]
Per-feature visibility	editor	editor	PER-MODE:scope-key	drawing: scope becomes the drawing id	drawing	drawing	none (no feature edits)	copied (record keys remapped to the new drawing's record entries)	"active: rendered-ID edits of v44 become identity rows of the Session's diagram (""Each moved edit takes the mode of the Session's diagram"", docs/SESSION_COMPATIBILITY.md:94)"	mode=both; R2 scope key becomes the drawing; the scope field disappears
Per-feature label text	editor	editor	PER-MODE:scope-key	drawing	drawing	drawing	none (no feature edits)	copied (record keys remapped to the new drawing's record entries)	active: as per-feature visibility	mode=both; R2 scope key becomes the drawing
Per-feature label visibility	editor	editor	PER-MODE:scope-key	drawing	drawing	drawing	none (no feature edits)	copied (record keys remapped to the new drawing's record entries)	active: as per-feature visibility	mode=both; R2 scope key becomes the drawing
Feature placement (lane/main)	editor	editor	PER-MODE:scope-key	drawing	drawing	drawing	none (no feature edits)	copied (record keys remapped to the new drawing's record entries)	own-mode: v44 placement drafts reached every request with their record key; a lane placement takes the mode of its side, a Main placement goes to both (docs/SESSION_COMPATIBILITY.md:94-97)	"mode=both; R2/R10 scope key becomes the drawing; the ""either mode"" lane check disappears"
"Per-feature fill color (""This feature only"")"	editor	editor	SHARED	drawing: a per-feature edit, scoped like R2 rows (hard case)	drawing	drawing	none (no feature edits)	copied (record keys remapped to the new drawing's record entries)	both: stored as a hash colour rule in config.rules without mode or record suffix; the hash is content-based so it matches in both drawings	mode=both; N1: hash rules (per-feature fill, Legend rename of a feature-type row) belong to the drawing even under L; only pattern rules enter the style library
Feature fill override map (rule residue)	editor	editor	SHARED	drawing	drawing	drawing	none (no feature edits)	copied (record keys remapped to the new drawing's record entries)	active: key recordKey+featureId uses slot-specific record keys and is pruned by every Generate	mode=both; carries no scope today and is pruned by the other mode's Generate (bug, editor.md section 7)
Per-feature stroke	editor	editor	SHARED	drawing	drawing	drawing	none (no feature edits)	copied (record keys remapped to the new drawing's record entries)	active: slot-specific record keys	mode=both; lost on the other mode's Generate today; per-drawing key ends the loss
"Bulk label text (""all labels with this text"")"	editor	editor	SHARED	drawing	drawing	drawing	none	copied	both: text-pattern edits applied to both modes in v44	mode=both; keyed by source text, not by record
Label TSV rows (saved label table)	editor	editor	SHARED	drawing	drawing	drawing	none	copied	both: applied to both modes by text pattern in v44	mode=both
Editable label projection	editor	derived	PER-MODE:other:reset-on-switch	drawing: derived from the drawing's Result	drawing	drawing	empty	recomputed	dropped: derived from the Result (not saved)	mode=both; derived; the dormant-label-editor-on-other-mode state disappears
Auto Reflow	editor	editor	SHARED	ui: an editing preference	ui	ui	off	n/a	ui: ui.autoLabelReflow read into the app preference	mode=both; [ui:app] editing preference
Feature visibility rules	editor	editor	SHARED	drawing: what a figure hides is a presentation choice (hard case)	drawing	drawing	none	copied	both: one list for both modes in v44	mode=both; what a figure hides is a presentation choice; a zoom may show what the genome hides
Feature selection	editor	other	PER-MODE:other:reset-on-switch	ui	ui	ui	empty	not copied	dropped: transient	mode=both; [ui:view] cleared on drawing switch
Feature popup	editor	other	SHARED	ui	ui	ui	closed	not copied	dropped: transient	mode=both; [ui:view] closed on drawing switch (today left open across a mode switch)
Editor dialogs (fill/stroke scope, reset color, Legend rename, label text, hidden label, label on, visibility scope)	editor	other	SHARED	ui	ui	ui	closed	not copied	dropped: transient	mode=both; [ui:view]
Features list navigation	editor	other	PER-MODE:other:reset-on-switch	ui	ui	ui	search empty; tab colors; record index 0	not copied	active: features.selectedFeatureRecordIdx and ui.featurePanelTab are view state of the displayed Result	mode=both; [ui:view]
Feature edit notices (Remove N unmatched feature edits)	editor	derived	SHARED	drawing	drawing	drawing	none	copied with the Result	active: runMetadata.featureIdentityNotices of the committed Result	mode=both; derived
Palette selection	editor	editor	SHARED	project: style library that drawings use, with per-drawing override (hard case)	drawing	project	'default' palette; L: references the project library	P: copied; L: library reference kept (or detached copy)	both (P) / project (L): shared in v44, so both drawings hold the same value and the library takes it once	mode=both; N1
Custom palette colors	editor	editor	SHARED	project: style library that drawings use, with per-drawing override (hard case)	drawing	project	palette defaults; L: references the project library	P: copied; L: library reference kept (or detached copy)	both (P) / project (L): as palette selection (also config.colorsAreOverrides)	mode=both; includes the GC content / skew palette colours (keys gc_content, skew_high, skew_low): N3
Palette instant preview	editor	editor	SHARED	ui	ui	ui	off	n/a	ui: config.paletteInstantPreviewEnabled read into the app preference	mode=both; [ui:app] editing preference; recolours the displayed drawing only
Applied / pending palette	editor	derived	SHARED	drawing: describes the drawing's Result	drawing	drawing	default palette	copied with the Result	active: ui.appliedPalette*/pendingPalette* describe the committed Result	mode=both; describes what the drawing Result shows
Specific color rules and captions	editor	editor	SHARED	project: style library that drawings use, with per-drawing override (hard case)	drawing	project	none; L: references the project library	P: copied; L: library reference kept (or detached copy)	"both (P) / project (L) for pattern rules; hash rules (per-feature) go to both drawings and stay in the drawing (see ""Per-feature fill"")"	mode=both; N1; L splits the list: pattern rules + captions in the library, hash rules in the drawing; a rule matching nothing draws no row, so sharing cannot fail Generate
Specific rule drafts and presets	editor	editor	SHARED	ui	ui	ui	empty	not copied	dropped: drafts	mode=both; [ui:view]
Default color add drafts	editor	editor	SHARED	ui	ui	ui	empty	not copied	dropped: drafts	mode=both; [ui:view]
Color table files	editor	file	INPUT	project	project	project	none	shared by reference (bytes stay once)	project: file bytes become resources; the parsed rules go to the drawing (P) or the library (L)	mode=both; bytes only; generated colour tables of a drawing request are drawing-owned resources with a drawing id prefix (inputs.md section 3.2)
Label filter mode, blacklist, whitelist	editor	editor	SHARED	drawing: label density differs between a whole genome and a zoom	drawing	drawing	filter mode default; empty lists	copied	both: shared in v44	mode=both; label density differs between a whole genome and a zoom
Qualifier priority rules	editor	editor	SHARED	project: which qualifier names a feature is a data convention	drawing	project	none; L: references the project library	P: copied; L: library reference kept (or detached copy)	both (P) / project (L): shared in v44	"mode=both; audit proposed project (a data convention); P keeps it per drawing; it changes label text, so L must show ""this drawing differs"""
Label filter files	editor	file	INPUT	project	project	project	none	shared by reference	project: bytes become resources	mode=both; bytes only
Annotation sets and items (targets, labels, marks, lanes)	editor	editor	SHARED	project: regions are facts about the sequences; each drawing chooses the tracks that show them (hard case)	drawing	project	none	P: copied (targets remapped by source+selector); L: set kept in the project, track slot reference copied	both (P) / project (L): one shared list in v44; a target whose record the drawing does not draw is skipped with a notice (today it fails ANNOTATION_TARGET)	mode=both; N1 / annotation sets question
Annotation styles	editor	editor	SHARED	project: with the sets; a drawing track may override (hard case)	drawing	project	none	as annotation sets	both (P) / project (L): with the sets	mode=both; L: a drawing track slot may override the style
Annotation target record	editor	editor	SHARED	drawing	drawing	project	none	as annotation sets	both (P) / project (L): with the sets	mode=both; must name the record by source identity (resource+record), not by a mode catalog key; fixes ANNOTATION_TARGET across modes
Selected-feature annotation target	editor	editor	PER-MODE:scope-key	drawing	drawing	project	none	as annotation sets	absent in v44 (featureIdentity targets are dev-only 45): nothing to migrate	mode=both; target {featureIdentity, recordKey, biologicalFeatureId}: biologicalFeatureId is content-based; the R2 scope field goes away
Selected annotation	editor	other	SHARED	ui	ui	ui	null	not copied	dropped: transient	mode=both; [ui:view]
Annotation track slots	editor	adv	PER-MODE:split-collection	drawing	drawing	drawing	no annotation slot	copied	own-mode: part of the mode's track slot stack	mode=both; the slot says which set(s) the drawing shows (params.set_id); L: also holds the per-drawing display/style override; a set rename rewrites one stack instead of two
Plot title drag offset	editor	editor	PER-MODE:other:per-Result SVG delta	drawing	drawing	drawing	none	copied with the Result	active: delta in the committed Result SVG	mode=both
Linear typography link	editor	other	MODE-ONLY:linear	drawing	drawing	drawing	on	copied	own-mode: ui.linearTypographyLinked belongs to the Linear drawing	mode=linear; mode=linear
Generated layout facts	editor	derived	SHARED	drawing	drawing	drawing	none	copied with the Result	active: ui.generated* describe the committed Result	mode=both; generatedMode is derived from renderRequest.mode and is retired (a drawing has one mode: no guard); the other facts stay per drawing
Diagram drag offset (diagram, record groups)	editor	editor	PER-MODE:other:per-Result SVG delta	drawing	drawing	drawing	none	copied with the Result	active: deltas in the committed Result SVG	mode=both
Scale bar drag offset	editor	editor	PER-MODE:other:per-Result SVG delta	drawing	drawing	drawing	none	copied with the Result	active: delta in the committed Result SVG	mode=both
Canvas padding	editor	editor	SHARED	drawing	drawing	drawing	default padding	copied	both: one shared ui.canvasPadding in v44	mode=both; today it pads every candidate Result including the other mode's
Layout mode and canvas controls toggles	editor	other	SHARED	ui	ui	ui	off	not copied	dropped: transient	mode=both; [ui:view]
Zoom and pan	editor	other	PER-MODE:other:reset-on-switch	ui	ui	ui	fit	not copied	active: ui.zoom/ui.canvasPan belong to the displayed Result	mode=both; [ui:view] per-drawing view state; may be saved in the drawing's ui block
Circular multi-record layout default suppression	editor	other	MODE-ONLY:circular	drawing	drawing	drawing	false	copied	dropped: runtime flag, never saved	mode=circular; runtime-only flag; candidate to retire if the Circular default grid is applied once at drawing creation
Circular input files and type	editor	file	INPUT	project: file pool; drawing picks records	project	project	none	shared by reference	project: bytes become resources; the binding goes to the Circular drawing (inputs row)	mode=circular; bytes row; the binding row is in the inputs source
Linear File cards (files) and input type	editor	file	INPUT	project: file pool	project	project	none	shared by reference (same resource ids)	project: bytes become resources (merged by SHA-256); the slot binding goes to the Linear drawing (inputs row)	mode=linear; bytes row; the binding row is in the inputs source
Linear record selection and region per File	editor	file	MODE-ONLY:linear	drawing: the selection; the file stays project	drawing	drawing	first record, no region	copied (Zoom to region sets region_*)	own-mode: renderRequest.records + webFiles bindings of the Linear mode	mode=linear; the file stays project; the selection is the drawing's record entry
Linear record labels	editor	file	MODE-ONLY:linear	drawing	drawing	drawing	empty override (inferred from the file)	copied	own-mode: linearSeqs[].definition/record_subtitle -> Linear drawing; file_definition/file_subtitle/inferred_definition are derived (project cache, rebuilt)	mode=linear; the drawing keeps only the typed override; facts parsed from the file are a project cache
LOSAT genetic code per Linear record	editor	file	MODE-ONLY:linear	project: a property of the sequence	project	project	1 (standard) unless the file says otherwise	n/a (project fact, shared)	project: linearSeqs[].losat_gencode keyed by (resource, record id); if two slots of one record disagree the first wins with a notice	mode=linear; fact about a sequence (orchestrator P); an edit is visible in every drawing that uses the record (an invisible edit: ask first); inputs.md put it in the drawing record entry: reconcile
Record display drafts (topology, start, orientation, popup rotation)	editor	editor	PER-MODE:scope-key	drawing	drawing	drawing	none	copied (sourceUid remapped)	own-mode: v44 rows carry scope circular|linear and sourceUid	mode=both; R2 scope key becomes the drawing (PD-OI-032, OIC-021)
Linear record layout (rows, gap)	editor	other	MODE-ONLY:linear	drawing	drawing	drawing	rows by default; gap default	copied	own-mode: config.linearRecordLayout -> Linear drawing	mode=linear; mode=linear; Reset Settings keeping the gap is a separate bug
Linear reorder notice	editor	other	MODE-ONLY:linear	ui	ui	ui	none	not copied	dropped: transient	mode=linear; [ui:view]
Depth files	editor	file	PER-MODE:split-fields	project: the files; the series assignment is drawing	project	project	none	shared by reference	project: Depth TSV bytes become resources; the assignment to series/records goes to the drawing (inputs row depthSeries)	mode=both; bytes only; the series list and sources are drawing state (inputs.md section 3.4)
Circular Depth series UI count	editor	other	MODE-ONLY:circular	drawing	drawing	drawing	1	derived from depthSeries length	dropped: runtime local	mode=circular; runtime-only counter
New slot renderer drafts	editor	other	PER-MODE:split-fields	ui	ui	ui	'dinucleotide_skew'	not copied	dropped: runtime local	mode=both; [ui:view]
Resolved track geometry	editor	derived	SHARED	drawing	drawing	drawing	none	copied with the Result	active: runMetadata.trackSlotGeometry of the committed Result	mode=both; derived
Linear comparison plan (pairs, sources, uploaded BLAST tables)	editor	editor	MODE-ONLY:linear	drawing: which pairs a figure shows; tables and searches stay project (hard case)	drawing	drawing	empty plan	copied (edge queryUid/subjectUid remapped); uploaded tables shared by reference	own-mode: config.linearComparisonPlan -> Linear drawing (uploaded edges kept)	mode=linear; which pairs a figure shows; tables and searches stay project
Generated and imported comparisons	editor	derived	MODE-ONLY:linear	project: search evidence reusable by any drawing	project	project	none	shared by reference	project: comparison resources of an adopted Session become resources; the record-index mapping goes to the Linear drawing	mode=linear; search evidence reusable by any drawing (PD-OI-022)
LOSAT program	editor	editor	MODE-ONLY:linear	drawing	drawing	drawing	'blastn'	copied	own-mode: config.losatProgram -> Linear drawing	mode=linear; mode=linear; the adv alias row is retired into this one
LOSATN task	editor	editor	SHARED	drawing: a search parameter of the figure; caches stay project (hard case)	drawing	drawing	'megablast'	copied	both: one field bound in both panels in v44 (config.losat.blastn.task)	mode=both; a search parameter of the figure; caches stay project
LOSAT execution and threads	editor	editor	SHARED	ui: a machine preference	ui	ui	threaded / safe / auto	n/a	ui: config.losat.executionMode/totalThreadBudget/threadsPerJob/parallelWorkers read into the machine preference	mode=both; [ui:app] machine preference (PD-OI-017, OIC-015); today shown only in the Linear panel but used by Circular conservation
LOSATP settings (mode, hit limits per comparison mode, Collinear)	editor	editor	MODE-ONLY:linear	drawing	drawing	drawing	createDefaultLosat().blastp	copied	own-mode: config.losat.blastp.* -> Linear drawing	mode=linear; mode=linear; hitLimitsByMode stays inside the Linear drawing keyed by LOSATP mode (PD-OI-002)
LOSAT caches	editor	derived	SHARED	project: keyed by sequence content and search parameters	project	project	empty	shared (one cache)	project: losatCache.entries raw results; display info goes to drawing display rows (inputs row)	mode=both; keyed by sequence content and search parameters; cache never keyed by drawing
LOSAT threading status	editor	other	SHARED	ui	ui	ui	probed	n/a	dropped: transient	mode=both; [ui:app]
Protein identity manifest and legacy evidence	editor	derived	MODE-ONLY:linear	project: keyed by protein content, reusable by any drawing	project	project	empty	shared (union of all drawings' protein records)	project: proteinIdentityManifest + legacy evidence	mode=linear; must become the union over drawings, not replaced per run (inputs.md section 3.6)
Similarity / Collinear groups	editor	derived	MODE-ONLY:linear	drawing	drawing	drawing	none	recomputed from the catalog	active: derived from the catalog (not saved)	mode=linear; mode=linear; derived
Similarity group names, descriptions, dormant names	editor	editor	MODE-ONLY:linear	project: names a biological group	drawing	drawing	none	copied	own-mode: config.webEdits/orthogroupState -> Linear drawing (dormant names kept, PD-OI-075)	mode=linear; mode=linear
Similarity group UI selection	editor	other	PER-MODE:other:reset-on-switch	ui	ui	ui	none	not copied	active: orthogroupState.selectedOrthogroupId is view state	mode=linear; [ui:view]
Similarity alignment plan	editor	editor	MODE-ONLY:linear	drawing	drawing	drawing	none	copied (record keys remapped)	own-mode: renderRequest.layout.similarityAlignment + editorState.alignmentResetReceipt -> Linear drawing	mode=linear; mode=linear
Pairwise match factors	editor	derived	MODE-ONLY:linear	drawing	drawing	drawing	none	recomputed	dropped: derived, not saved	mode=linear; mode=linear; derived
Match span sequences	editor	derived	SHARED	drawing: bound to the drawing's Result	drawing	drawing	empty	recomputed from sources	dropped: runtime registry, not saved	mode=both; bound to the drawing Result; today reset on every mode switch (round-trip bug) and ends with per-drawing ownership
Pairwise match popup	editor	other	PER-MODE:other:reset-on-switch	ui	ui	ui	closed	not copied	dropped: transient	mode=linear; [ui:view]
Circular conservation settings	editor	editor	MODE-ONLY:circular	drawing: inputs stay project	drawing	drawing	createDefaultCircularConservation()	copied	own-mode: config.circularConservation -> Circular drawing (series sourceKey file signature resolved to resource ids)	mode=circular; mode=circular; series gencode is split to a project row (inputs source)
Circular conservation files	editor	file	INPUT	project	project	project	none	shared by reference	project: BLAST tables and subject FASTA bytes become resources; the binding goes to the Circular drawing (inputs row)	mode=circular; bytes only
Comparison and annotation warnings	editor	derived	SHARED	drawing	drawing	drawing	none	copied with the Result	active: runMetadata of the committed Result	mode=both; derived
Right drawer (open, tab)	editor	other	PER-MODE:other:reset-on-switch	ui	ui	ui	closed, Features	not copied	dropped: not saved	mode=both; [ui:view] reset on drawing switch as on a mode switch today
Sidebar width	editor	other	SHARED	ui	ui	ui	default	n/a	dropped: not saved	mode=both; [ui:app]
PNG DPI	editor	other	SHARED	ui	ui	ui	300	n/a	ui: ui.downloadDpi read into the app preference	mode=both; [ui:app] export preference
Session title	editor	other	SHARED	project	project	project	'' (project name)	n/a	project: title	mode=both; distinct from a drawing name and a plot title
Result panel tab	editor	other	SHARED	ui	ui	ui	preview	not copied	dropped: not saved	mode=both; [ui:view]
History stack	editor	other	SHARED	project: one stack with drawing-tagged steps (hard case)	drawing	project	empty stack	not copied (new stack)	dropped: History is not saved in the Session	mode=both; P: one stack per drawing + a small project stack for project operations (add/delete/duplicate/rename drawing, resource add/replace/remove); L: one project stack with drawing-tagged steps; a drawing switch is navigation (no step)
Diagram mode	editor	other	SHARED	drawing: a drawing property	drawing	drawing	mode of the creation action (fixed afterwards)	copied (Duplicate as other mode creates a new drawing)	active: the committed mode (renderRequest.mode, else ui.mode) is drawing A; the other mode is drawing B when created	mode=both; immutable property of a drawing; ui.mode also names the drawing to open (project ui.activeDrawingId)
Results	editor	derived	SHARED	drawing	drawing	drawing	none (Generate needed)	copied with the Result (one-copy by reference until edited; Session size grows by the Result + catalog, about 28 MB for a Vnig-size genome)	active: results, renderRequest and resources of the committed mode; drawing B has no Result	mode=both; the Preview shows the active drawing Results; batch picker stays inside a drawing
Feature catalog and extracted features	editor	derived	SHARED	drawing	drawing	drawing	none	copied with the Result	active: editorState.featureCatalog of the committed Result	mode=both; derived; its source-feature part could become a project cache later (inputs.md section 3.1) only if measured
Run info	editor	derived	SHARED	drawing	drawing	drawing	none	copied with the Result	active: cliInvocation of the committed Result	mode=both; derived
Preview mount	editor	derived	SHARED	drawing	drawing	drawing	none	not copied	dropped: runtime	mode=both; mount key svg-${mode}-${index}-${identity} becomes drawing-keyed; derived
Preview feature search	editor	other	SHARED	ui	ui	ui	empty	not copied	dropped: not saved	mode=both; [ui:view]
Generation failure presentation	editor	other	SHARED	ui	ui	ui	none	not copied	dropped: not saved	mode=both; [ui:view] failure state of one drawing Generate (runtime, per drawing)
Processing and Session operation flags	editor	other	SHARED	ui	ui	ui	idle	n/a	dropped: not saved	mode=both; [ui:app] internal
GUI-unmanaged config overrides	editor	other	SHARED	drawing: the leaves are typed per mode	drawing	drawing	none	copied	own-mode by leaf path: circular.* leaves -> Circular drawing, linear.* leaves -> Linear drawing, mode-neutral leaves -> both	mode=both; typed per mode; Python rejects other-mode paths, so the one-mode validation limit disappears (PD-OI-009)
Imported comparison intent	editor	other	MODE-ONLY:linear	drawing	drawing	drawing	none	copied	own-mode: config.importedComparisonResolution -> Linear drawing	mode=linear; mode=linear
Project resource table (file bytes, one copy each)	inputs	resource	webFiles.bindings + resources (bytes deduped at save by SHA-256)	n/a (inputs.md: project)	project	project	empty	not copied (drawings share the table)	project: v31+ resources kept and merged by SHA-256; v27-30 embedded files become resources	content-addressed, Python-owned (ProjectResourceTable); written only if a drawing draft, request or Result references it (OQ-IN4)
Resource descriptor sha256	inputs	resource	absent (Web writes an unaccepted checksum field)	n/a	project	project	computed on adopt	n/a	project: computed by the reader	new required field; identity of the bytes and the cache token
Resource originalName	inputs	resource	webFiles.resourceOriginalNames	n/a	project	project	file name at upload	n/a	project: resourceOriginalNames and binding names become originalName	replaces the persisted originalNames map
Circular input binding (c_gb / c_gff / c_fasta incl. composite GenBank)	inputs	input	files.c_*; webFiles.bindings	project: file pool (editor); drawing picks records	drawing	drawing	empty (no source)	copied (same resource ids)	own-mode: Circular bindings -> Circular drawing; created as drawing A or B (B only if bindings exist)	mode=circular; which resource a drawing draws; input type becomes per-record source.kind
Circular input type (cInputType)	inputs	input	ui.cInputType	drawing (implied)	drawing	drawing	GenBank	copied	own-mode: becomes each Circular record's source.kind	mode=circular; retired as a separate field (per record)
Linear input binding (linearSeqs[]: slots, order, uid)	inputs	input	linearSeqs[]; webFiles.bindings	project: file pool (editor); drawing picks records	drawing	drawing	empty (no records)	copied; every slot uid replaced by a fresh uid and all record-keyed state remapped (one function)	own-mode: Linear bindings -> Linear drawing	mode=linear; the uid is the record key and must be unique across the project (protein cache keys contain it)
Linear input type (lInputType)	inputs	input	ui.lInputType	drawing (implied)	drawing	drawing	GenBank	copied	own-mode: becomes each Linear record's source.kind	mode=linear; retired as a separate field (per record)
Depth series list depthSeries[] (new: id, label, colour, height, ticks, sources shared|perRecord)	inputs	input	adv.depth_tracks[] + files.c_depth / linearSeqs[].depth matrices (index-aligned)	drawing (TSV) / split in audit section 7	drawing	drawing	[] (a series exists only with a file)	copied (byRecord keys remapped); label and colour of a series already used elsewhere are copied as defaults, no link	both: zip depth_tracks[i] with each mode's source column i (see depth_tracks row)	"one list, one owner; ends the index-aligned second list and the ""no source"" bug; OQ-IN3"
Circular conservation series (sourceKey, label, colour, ring style)	inputs	input	circularConservation.series[] (sourceKey = file signature)	drawing: inputs stay project (editor)	drawing	drawing	[]	copied	own-mode: Circular drawing; sourceKey resolved to a resource id through the bindings	mode=circular; refers to a resource id instead of name|size|lastModified
Genetic code of a subject sequence (circularConservation series losat_gencode)	inputs	input	circularConservation.series[].losat_gencode	drawing (inside Circular conservation settings)	project	project	1 (standard)	n/a (project fact)	project: keyed by (resource, record id), extracted from the series	mode=circular; fact about a sequence (P); default subject_gencode stays a drawing setting
linearCanonicalComparisons binding (record index -> comparison resource)	inputs	input	files.linearCanonicalComparisons (by record index)	project (editor: generated and imported comparisons)	drawing	drawing	none	copied (record keys remapped)	own-mode: Linear drawing; resources go to the project table	mode=linear; the mapping is drawing state, the bytes are project
Request-generated resources (colour table, label table, comparison-resolved-*, conservation-resolved-blast-*, canonical protein JSON)	inputs	resource	fixed request ids (colors-default-colors-file, label-override-file, ...)	n/a	drawing	drawing	none	regenerated from the copy	both/own-mode: rebuilt from each drawing request; stored in the table with a drawing id prefix	owned by one drawing, stored in the project table; removed when the drawing no longer references them
Record list of a file (ids, lengths, topology, organism, strain, inferred definition)	inputs	derived	Circular-only discovery state keyed by File identity	n/a	project	project	discovered on adopt	shared cache	dropped: rebuilt from the file bytes	project cache keyed by resource sha256; also holds file_definition/file_subtitle/inferred_definition (linearSeqs[] derived fields)
Parsed records / staging / Worker file caches	inputs	cache	last-request-bounded caches keyed by positional resource id	n/a	project	project	empty	shared cache	dropped: runtime	content token = sha256; retain set = all bound inputs (inputs.md section 3.7); runtime only
GC content / skew series cache (new)	inputs	cache	not cached	n/a	project	project	empty	shared cache	dropped: not saved	key (content token, selector, region, window, step, nt); add only after measurement
LOSAT display rows (losatCacheInfo: filename, edge, uids)	inputs	derived	losatCacheInfo merged into losatCache.entries	project (LOSAT caches)	drawing	drawing	none	copied (uids remapped)	own-mode: Linear rows by queryUid/subjectUid, Circular rows by flow -> that mode's drawing	drawing-specific content that today sits inside the project cache; raw entries stay project
LOSATP derived cache (orthogroup / collinear), runtime LRU	inputs	cache	losatDerivedCache (never saved)	project (LOSAT caches)	project	project	empty	shared cache	dropped: never saved in practice	keyed by record index/pair/view today: key by content to be a real project cache
Raw LOSAT entries (protein): record-instance key	inputs	cache	losatCache raw protein entries keyed with the Linear uid	project (LOSAT caches)	project	project	empty	shared cache	project: with the entries	follow-up: key by recordAnalysisId so a zoomed drawing reuses the whole-genome run
Source-feature catalog (biologicalFeatures of the full source)	inputs	derived	editorState.featureCatalog.biologicalFeatures (23-34 MB in large Gallery Sessions)	drawing (editor: feature catalog)	drawing	drawing	none	copied with the Result	active: of the committed Result	candidate for a project cache keyed by resource + selector if measured (inputs.md section 1.6)
Committed canonical request (renderRequest) and runMetadata	inputs	derived	renderRequest, runMetadata (one per Session)	drawing (mechanisms.md section 6)	drawing	drawing	null before the first Generate	copied with the Result	active: the Session renderRequest; the other drawing has null	canonical request references project resources by id
CLI-authored options (config.cliOptions.rawArgs)	inputs	other	config.cliOptions preserved from a CLI Session	n/a	drawing	drawing	none	copied	active: attached to the drawing of the CLI Session mode	preserved raw CLI arguments; only meaningful for the drawing the CLI rendered; candidate to retire in favour of Python cliInvocation
Linear record uid / recordKey	inputs	derived	random UUID per slot; Circular keys circular-<id>-#n or record-n	n/a	drawing	drawing	new uid on slot creation	fresh uid; all record-keyed state remapped	own-mode: kept for Linear (renderRequest keys); Circular keys re-derived	record identity within a drawing; must be unique across the project because protein cache keys contain it
Drawing id	inputs	new	n/a	n/a	drawing	drawing	new stable id [a-z0-9-]	new id	active: new; A gets d1, B d2	new field
Drawing name (tab title, default download name)	inputs	new	n/a	n/a	drawing	drawing	'Circular' / 'Linear' + number	'<name> copy'	"active: A ""Circular""/""Linear"" by mode; B likewise"	new field; not the plot title; seeds the output prefix so downloads never collide
Drawing order in the project	inputs	new	n/a	n/a	project	project	append	inserted after the source	active: A first, then B	tab order; project operation
Active drawing id	inputs	new	ui.mode	ui (modeProfiles.activeMode)	ui	ui	first drawing	n/a	ui: drawing of the saved ui.mode	[ui:session] navigation like zoom today
webFiles.bindings (schema 2, both modes) and resourceOriginalNames	inputs	other	webFiles	n/a	retired	retired	n/a	n/a	own-mode: distributed to the drawings (bindings) and to resources (names)	second representation of the bindings; replaced by per-drawing input drafts and resource descriptors
